id,title,artist,genre,mood,energy,tempo_bpm,valence,danceability,acousticness
1,Blinding Lights,The Weeknd,synthwave,moody,0.80,171,0.33,0.51,0.00
2,Shape of You,Ed Sheeran,pop,happy,0.65,96,0.93,0.83,0.08
3,Lose Yourself,Eminem,hip-hop,intense,0.63,86,0.39,0.69,0.12
4,Bohemian Rhapsody,Queen,rock,moody,0.40,72,0.41,0.39,0.09
5,One More Time,Daft Punk,edm,euphoric,0.96,123,0.82,0.92,0.01
6,Clair de Lune,Debussy,classical,peaceful,0.08,91,0.21,0.22,0.99
7,Smells Like Teen Spirit,Nirvana,rock,intense,0.90,117,0.57,0.57,0.00
8,Rolling in the Deep,Adele,pop,intense,0.84,105,0.74,0.73,0.10
9,September,Earth Wind & Fire,r&b,happy,0.82,126,0.97,0.84,0.01
10,Levitating,Dua Lipa,pop,euphoric,0.82,103,0.87,0.70,0.01
11,Old Town Road,Lil Nas X,country,confident,0.67,136,0.76,0.94,0.09
12,Redbone,Childish Gambino,r&b,romantic,0.38,99,0.56,0.73,0.21
13,Mr. Brightside,The Killers,indie pop,moody,0.90,148,0.53,0.47,0.00
14,Watermelon Sugar,Harry Styles,pop,happy,0.80,95,0.87,0.55,0.13
15,Somebody That I Used to Know,Gotye,indie pop,nostalgic,0.59,129,0.50,0.59,0.18
16,Africa,Toto,pop,nostalgic,0.46,92,0.72,0.49,0.09
17,Dreams,Fleetwood Mac,rock,relaxed,0.57,120,0.72,0.71,0.04
18,Hotline Bling,Drake,r&b,romantic,0.37,135,0.86,0.84,0.12
19,Breathe,Pink Floyd,ambient,peaceful,0.24,60,0.56,0.44,0.36
20,Creep,Radiohead,indie pop,melancholic,0.49,93,0.44,0.50,0.09
21,Lights (Single Version),Ellie Goulding,pop,happy,0.75,115,0.75,0.75,0.2
22,Choosin' Texas,Ella Langley,country,nostalgic,0.55,96,0.65,0.6,0.7
23,Man I Need,Olivia Dean,pop,happy,0.75,115,0.75,0.75,0.2
24,I Just Might,Bruno Mars,pop,happy,0.75,115,0.75,0.75,0.2
25,Be Her,Ella Langley,country,nostalgic,0.55,96,0.65,0.6,0.7
26,Ordinary,Alex Warren,pop,happy,0.75,115,0.75,0.75,0.2
27,So Easy (To Fall In Love),Olivia Dean,pop,happy,0.75,115,0.75,0.75,0.2
28,Stateside,PinkPantheress,pop,happy,0.75,115,0.75,0.75,0.2
29,Folded,Kehlani,r&b,romantic,0.6,85,0.75,0.7,0.4
30,Swim,BTS,pop,happy,0.75,115,0.75,0.75,0.2
31,The Fate Of Ophelia,Taylor Swift,pop,happy,0.75,115,0.75,0.75,0.2
32,Risk It All,Bruno Mars,pop,happy,0.75,115,0.75,0.75,0.2
33,Yukon,Justin Bieber,pop,happy,0.75,115,0.75,0.75,0.2
34,Where Is My Husband!,RAYE,pop,happy,0.75,115,0.75,0.75,0.2
35,Dracula,Tame Impala,indie pop,moody,0.65,118,0.62,0.68,0.35
36,Sleepless In A Hotel Room,Luke Combs,country,nostalgic,0.55,96,0.65,0.6,0.7
37,Opalite,Taylor Swift,pop,happy,0.75,115,0.75,0.75,0.2
38,Daisies,Justin Bieber,pop,happy,0.75,115,0.75,0.75,0.2
39,Babydoll,Dominic Fike,indie pop,moody,0.65,118,0.62,0.68,0.35
40,Bottom Of Your Boots,Ella Langley,country,nostalgic,0.55,96,0.65,0.6,0.7
41,Loving Life Again,Ella Langley,country,nostalgic,0.55,96,0.65,0.6,0.7
42,Iloveitiloveitiloveit,Bella Kay,r&b,romantic,0.6,85,0.75,0.7,0.4
43,E85,Don Toliver,hip-hop,confident,0.75,95,0.7,0.85,0.15
44,Be By You,Luke Combs,country,nostalgic,0.55,96,0.65,0.6,0.7
45,Homewrecker,sombr,pop,happy,0.75,115,0.75,0.75,0.2
46,Beauty And A Beat,Justin Bieber,pop,happy,0.75,115,0.75,0.75,0.2
47,Dandelion,Ella Langley,country,nostalgic,0.55,96,0.65,0.6,0.7
48,Pinky Up,KATSEYE,pop,happy,0.75,115,0.75,0.75,0.2
49,The Fall,Cody Johnson,country,nostalgic,0.55,96,0.65,0.6,0.7
50,Body,Don Toliver,hip-hop,confident,0.75,95,0.7,0.85,0.15
51,Pop Dat Thang,DaBaby,hip-hop,confident,0.75,95,0.7,0.85,0.15
52,Change My Mind,Riley Green,country,nostalgic,0.55,96,0.65,0.6,0.7
53,White Keys,Dominic Fike,indie pop,moody,0.65,118,0.62,0.68,0.35
54,Let 'Em Know,T.I.,hip-hop,confident,0.75,95,0.7,0.85,0.15
55,I Ain't Coming Back,Morgan Wallen,country,nostalgic,0.55,96,0.65,0.6,0.7
56,Fever Dream,Alex Warren,pop,happy,0.75,115,0.75,0.75,0.2
57,Earrings,Malcolm Todd,indie pop,moody,0.65,118,0.62,0.68,0.35
58,When Did You Get Hot?,Sabrina Carpenter,pop,happy,0.75,115,0.75,0.75,0.2
59,Lush Life,Zara Larsson,pop,happy,0.75,115,0.75,0.75,0.2
60,Motion Party,BossMan Dlow,hip-hop,confident,0.75,95,0.7,0.85,0.15
61,Midnight Sun,Zara Larsson,pop,happy,0.75,115,0.75,0.75,0.2
62,The Great Divide,Noah Kahan,indie pop,moody,0.65,118,0.62,0.68,0.35
63,Days Like These,Luke Combs,country,nostalgic,0.55,96,0.65,0.6,0.7
64,Baby,Justin Bieber,pop,happy,0.75,115,0.75,0.75,0.2
65,What You Saying,Lil Uzi Vert,hip-hop,confident,0.75,95,0.7,0.85,0.15
66,Brunette,Tucker Wetmore,country,nostalgic,0.55,96,0.65,0.6,0.7
67,Runway,Lady Gaga,pop,happy,0.75,115,0.75,0.75,0.2
68,Elizabeth Taylor,Taylor Swift,pop,happy,0.75,115,0.75,0.75,0.2
69,Raindance,Dave,hip-hop,confident,0.75,95,0.7,0.85,0.15
70,Broken,Ella Langley,country,nostalgic,0.55,96,0.65,0.6,0.7
71,We Know Us,Ella Langley,country,nostalgic,0.55,96,0.65,0.6,0.7
72,You & Me Time,Ella Langley,country,nostalgic,0.55,96,0.65,0.6,0.7
73,What He'll Never Have,Dylan Scott,country,nostalgic,0.55,96,0.65,0.6,0.7
74,Obvious,Chris Brown,r&b,romantic,0.6,85,0.75,0.7,0.4
75,McArthur,HARDY,country,nostalgic,0.55,96,0.65,0.6,0.7
76,FDO,Pooh Shiesty,hip-hop,confident,0.75,95,0.7,0.85,0.15
77,In My Room,Julia Wolf,pop,happy,0.75,115,0.75,0.75,0.2
78,Low Lights,Ella Langley,country,nostalgic,0.55,96,0.65,0.6,0.7
79,Speaking Terms,Ella Langley,country,nostalgic,0.55,96,0.65,0.6,0.7
80,Father,Ye,hip-hop,confident,0.75,95,0.7,0.85,0.15
81,What You Need,Tems,r&b,romantic,0.6,85,0.75,0.7,0.4
82,Turn This Truck Around,Jordan Davis,country,nostalgic,0.55,96,0.65,0.6,0.7
83,Beautiful Things,Megan Moroney,country,nostalgic,0.55,96,0.65,0.6,0.7
84,Don't We,Morgan Wallen,country,nostalgic,0.55,96,0.65,0.6,0.7
85,Body To Body,BTS,pop,happy,0.75,115,0.75,0.75,0.2
86,One Of Them,DJ Khaled,hip-hop,confident,0.75,95,0.7,0.85,0.15
87,Butterfly Season,Ella Langley,country,nostalgic,0.55,96,0.65,0.6,0.7
88,Porch Light,Noah Kahan,indie pop,moody,0.65,118,0.62,0.68,0.35
89,Rein Me In,Sam Fender,indie pop,moody,0.65,118,0.62,0.68,0.35
90,Dry Spell,Kacey Musgraves,country,nostalgic,0.55,96,0.65,0.6,0.7
91,Somethin' Simple,Ella Langley,country,nostalgic,0.55,96,0.65,0.6,0.7
92,Last Call For Us,Ella Langley,country,nostalgic,0.55,96,0.65,0.6,0.7
93,Go Away,Weezer,rock,intense,0.85,140,0.5,0.6,0.1
94,Rethink Some Things,Luke Combs,country,nostalgic,0.55,96,0.65,0.6,0.7
95,Chanel,Tyla,r&b,romantic,0.6,85,0.75,0.7,0.4
96,I Gotta Quit,Ella Langley,country,nostalgic,0.55,96,0.65,0.6,0.7
97,Mrs. Trendsetter,Lil Baby,hip-hop,confident,0.75,95,0.7,0.85,0.15
98,Mr. Know It All,Teddy Swims,r&b,romantic,0.6,85,0.75,0.7,0.4
99,It Wasn't God Who Made Honky Tonk Angels,Ella Langley,country,nostalgic,0.55,96,0.65,0.6,0.7
100,Ain't A Bad Life,Thomas Rhett,country,nostalgic,0.55,96,0.65,0.6,0.7
101,Hate How You Look,Josh Ross,country,nostalgic,0.55,96,0.65,0.6,0.7
102,All The Love,Ye,hip-hop,confident,0.75,95,0.7,0.85,0.15
103,Dano,Peso Pluma,pop,happy,0.75,115,0.75,0.75,0.2
104,2.0,BTS,pop,happy,0.75,115,0.75,0.75,0.2
105,Ever Since U Left Me,Max B,hip-hop,confident,0.75,95,0.7,0.85,0.15
106,Hooligan,BTS,pop,happy,0.75,115,0.75,0.75,0.2
107,Rocky Mountain Low,Corey Kent,country,nostalgic,0.55,96,0.65,0.6,0.7
108,Who Knows,Daniel Caesar,r&b,romantic,0.6,85,0.75,0.7,0.4
109,Don't Tell On Me,Jason Aldean,country,nostalgic,0.55,96,0.65,0.6,0.7
110,Zoo,Shakira,pop,happy,0.75,115,0.75,0.75,0.2
111,Plastic Cigarette,Zach Bryan,country,nostalgic,0.55,96,0.65,0.6,0.7
112,Woman,Kane Brown,country,nostalgic,0.55,96,0.65,0.6,0.7
113,Anti-Hero,Taylor Swift,pop,moody,0.75,115,0.75,0.75,0.2
114,Shake It Off,Taylor Swift,pop,happy,0.75,115,0.75,0.75,0.2
115,Blank Space,Taylor Swift,pop,moody,0.75,115,0.75,0.75,0.2
116,Cruel Summer,Taylor Swift,pop,energized,0.75,115,0.75,0.75,0.2
117,Love Story,Taylor Swift,pop,romantic,0.75,115,0.75,0.75,0.2
118,Cardigan,Taylor Swift,indie pop,melancholic,0.65,118,0.62,0.68,0.35
119,August,Taylor Swift,indie pop,nostalgic,0.65,118,0.62,0.68,0.35
120,All Too Well (Ten Minute Version),Taylor Swift,pop,melancholic,0.75,115,0.75,0.75,0.2
121,7 Rings,Ariana Grande,pop,confident,0.75,115,0.75,0.75,0.2
122,Thank U Next,Ariana Grande,pop,confident,0.75,115,0.75,0.75,0.2
123,No Tears Left to Cry,Ariana Grande,pop,uplifting,0.75,115,0.75,0.75,0.2
124,God is a Woman,Ariana Grande,pop,powerful,0.75,115,0.75,0.75,0.2
125,Problem,Ariana Grande,pop,happy,0.75,115,0.75,0.75,0.2
126,Into You,Ariana Grande,pop,romantic,0.75,115,0.75,0.75,0.2
127,Bad Guy,Billie Eilish,pop,confident,0.75,115,0.75,0.75,0.2
128,Ocean Eyes,Billie Eilish,pop,melancholic,0.75,115,0.75,0.75,0.2
129,Therefore I Am,Billie Eilish,pop,confident,0.75,115,0.75,0.75,0.2
130,Happier Than Ever,Billie Eilish,pop,moody,0.75,115,0.75,0.75,0.2
131,What Was I Made For?,Billie Eilish,pop,melancholic,0.75,115,0.75,0.75,0.2
132,Lovely,Billie Eilish,pop,melancholic,0.75,115,0.75,0.75,0.2
133,Circles,Post Malone,pop,melancholic,0.75,115,0.75,0.75,0.2
134,Sunflower,Post Malone,pop,happy,0.75,115,0.75,0.75,0.2
135,Rockstar,Post Malone,hip-hop,confident,0.75,95,0.7,0.85,0.15
136,Better Now,Post Malone,pop,melancholic,0.75,115,0.75,0.75,0.2
137,White Iverson,Post Malone,hip-hop,confident,0.75,95,0.7,0.85,0.15
138,Bad Romance,Lady Gaga,pop,intense,0.75,115,0.75,0.75,0.2
139,Poker Face,Lady Gaga,pop,confident,0.75,115,0.75,0.75,0.2
140,Just Dance,Lady Gaga,edm,euphoric,0.92,138,0.85,0.92,0.05
141,Telephone,Lady Gaga,pop,energized,0.75,115,0.75,0.75,0.2
142,Shallow,Lady Gaga,pop,powerful,0.75,115,0.75,0.75,0.2
143,Roar,Katy Perry,pop,powerful,0.75,115,0.75,0.75,0.2
144,Firework,Katy Perry,pop,uplifting,0.75,115,0.75,0.75,0.2
145,Teenage Dream,Katy Perry,pop,happy,0.75,115,0.75,0.75,0.2
146,Dark Horse,Katy Perry,pop,moody,0.75,115,0.75,0.75,0.2
147,Flowers,Miley Cyrus,pop,uplifting,0.75,115,0.75,0.75,0.2
148,Midnight Sky,Miley Cyrus,pop,moody,0.75,115,0.75,0.75,0.2
149,Don't Start Now,Dua Lipa,pop,confident,0.75,115,0.75,0.75,0.2
150,Physical,Dua Lipa,pop,energized,0.75,115,0.75,0.75,0.2
151,New Rules,Dua Lipa,pop,confident,0.75,115,0.75,0.75,0.2
152,Save Your Tears,The Weeknd,pop,melancholic,0.75,115,0.75,0.75,0.2
153,Can't Feel My Face,The Weeknd,pop,happy,0.75,115,0.75,0.75,0.2
154,Starboy,The Weeknd,synthwave,confident,0.72,108,0.5,0.72,0.22
155,Earned It,The Weeknd,r&b,romantic,0.6,85,0.75,0.7,0.4
156,As It Was,Harry Styles,pop,melancholic,0.75,115,0.75,0.75,0.2
157,Adore You,Harry Styles,pop,romantic,0.75,115,0.75,0.75,0.2
158,Late Night Talking,Harry Styles,pop,happy,0.75,115,0.75,0.75,0.2
159,Golden,Harry Styles,pop,happy,0.75,115,0.75,0.75,0.2
160,drivers license,Olivia Rodrigo,pop,melancholic,0.75,115,0.75,0.75,0.2
161,good 4 u,Olivia Rodrigo,pop,energized,0.75,115,0.75,0.75,0.2
162,brutal,Olivia Rodrigo,pop,angry,0.75,115,0.75,0.75,0.2
163,vampire,Olivia Rodrigo,pop,moody,0.75,115,0.75,0.75,0.2
164,traitor,Olivia Rodrigo,pop,melancholic,0.75,115,0.75,0.75,0.2
165,deja vu,Olivia Rodrigo,pop,nostalgic,0.75,115,0.75,0.75,0.2
166,Espresso,Sabrina Carpenter,pop,confident,0.75,115,0.75,0.75,0.2
167,Please Please Please,Sabrina Carpenter,pop,hopeful,0.75,115,0.75,0.75,0.2
168,Feather,Sabrina Carpenter,pop,happy,0.75,115,0.75,0.75,0.2
169,Good Luck Babe,Chappell Roan,pop,moody,0.75,115,0.75,0.75,0.2
170,Pink Pony Club,Chappell Roan,pop,euphoric,0.75,115,0.75,0.75,0.2
171,Can't Stop the Feeling!,Justin Timberlake,pop,happy,0.75,115,0.75,0.75,0.2
172,Cry Me a River,Justin Timberlake,r&b,moody,0.6,85,0.75,0.7,0.4
173,SexyBack,Justin Timberlake,pop,confident,0.75,115,0.75,0.75,0.2
174,Mirrors,Justin Timberlake,pop,romantic,0.75,115,0.75,0.75,0.2
175,Attention,Charlie Puth,pop,confident,0.75,115,0.75,0.75,0.2
176,We Don't Talk Anymore,Charlie Puth,pop,melancholic,0.75,115,0.75,0.75,0.2
177,Perfect,Ed Sheeran,pop,romantic,0.75,115,0.75,0.75,0.2
178,Thinking Out Loud,Ed Sheeran,pop,romantic,0.75,115,0.75,0.75,0.2
179,Bad Habits,Ed Sheeran,pop,happy,0.75,115,0.75,0.75,0.2
180,Shivers,Ed Sheeran,pop,happy,0.75,115,0.75,0.75,0.2
181,Hello,Adele,pop,melancholic,0.75,115,0.75,0.75,0.2
182,Someone Like You,Adele,pop,melancholic,0.75,115,0.75,0.75,0.2
183,Easy On Me,Adele,pop,melancholic,0.75,115,0.75,0.75,0.2
184,Skyfall,Adele,pop,powerful,0.75,115,0.75,0.75,0.2
185,Stay With Me,Sam Smith,pop,melancholic,0.75,115,0.75,0.75,0.2
186,Writing's on the Wall,Sam Smith,pop,melancholic,0.75,115,0.75,0.75,0.2
187,Take Me to Church,Hozier,indie pop,moody,0.65,118,0.62,0.68,0.35
188,Work Song,Hozier,indie pop,sentimental,0.65,118,0.62,0.68,0.35
189,Royals,Lorde,pop,confident,0.75,115,0.75,0.75,0.2
190,Green Light,Lorde,pop,happy,0.75,115,0.75,0.75,0.2
191,Stitches,Shawn Mendes,pop,melancholic,0.75,115,0.75,0.75,0.2
192,Treat You Better,Shawn Mendes,pop,hopeful,0.75,115,0.75,0.75,0.2
193,Havana,Camila Cabello,latin,happy,0.72,105,0.8,0.85,0.3
194,Happy,Pharrell Williams,pop,happy,0.75,115,0.75,0.75,0.2
195,Uptown Funk,Mark Ronson,pop,groovy,0.75,115,0.75,0.75,0.2
196,Just the Way You Are,Bruno Mars,pop,romantic,0.75,115,0.75,0.75,0.2
197,Grenade,Bruno Mars,pop,melancholic,0.75,115,0.75,0.75,0.2
198,24K Magic,Bruno Mars,pop,happy,0.75,115,0.75,0.75,0.2
199,Talking to the Moon,Bruno Mars,pop,melancholic,0.75,115,0.75,0.75,0.2
200,HUMBLE.,Kendrick Lamar,hip-hop,confident,0.75,95,0.7,0.85,0.15
201,Not Like Us,Kendrick Lamar,hip-hop,angry,0.75,95,0.7,0.85,0.15
202,DNA.,Kendrick Lamar,hip-hop,confident,0.75,95,0.7,0.85,0.15
203,Alright,Kendrick Lamar,hip-hop,hopeful,0.75,95,0.7,0.85,0.15
204,Swimming Pools (Drank),Kendrick Lamar,hip-hop,moody,0.75,95,0.7,0.85,0.15
205,Money Trees,Kendrick Lamar,hip-hop,melancholic,0.75,95,0.7,0.85,0.15
206,God's Plan,Drake,hip-hop,confident,0.75,95,0.7,0.85,0.15
207,In My Feelings,Drake,hip-hop,groovy,0.75,95,0.7,0.85,0.15
208,One Dance,Drake,afrobeats,happy,0.72,105,0.82,0.88,0.22
209,Started From the Bottom,Drake,hip-hop,confident,0.75,95,0.7,0.85,0.15
210,Nice For What,Drake,hip-hop,confident,0.75,95,0.7,0.85,0.15
211,SICKO MODE,Travis Scott,hip-hop,intense,0.75,95,0.7,0.85,0.15
212,Goosebumps,Travis Scott,hip-hop,moody,0.75,95,0.7,0.85,0.15
213,Antidote,Travis Scott,hip-hop,energized,0.75,95,0.7,0.85,0.15
214,HIGHEST IN THE ROOM,Travis Scott,hip-hop,dreamy,0.75,95,0.7,0.85,0.15
215,Butterfly Effect,Travis Scott,hip-hop,moody,0.75,95,0.7,0.85,0.15
216,No Role Modelz,J. Cole,hip-hop,confident,0.75,95,0.7,0.85,0.15
217,MIDDLE CHILD,J. Cole,hip-hop,confident,0.75,95,0.7,0.85,0.15
218,Power Trip,J. Cole,hip-hop,romantic,0.75,95,0.7,0.85,0.15
219,WAP,Cardi B,hip-hop,confident,0.75,95,0.7,0.85,0.15
220,Bodak Yellow,Cardi B,hip-hop,confident,0.75,95,0.7,0.85,0.15
221,Savage,Megan Thee Stallion,hip-hop,confident,0.75,95,0.7,0.85,0.15
222,Body,Megan Thee Stallion,hip-hop,confident,0.75,95,0.7,0.85,0.15
223,Super Bass,Nicki Minaj,pop,confident,0.75,115,0.75,0.75,0.2
224,Starships,Nicki Minaj,pop,euphoric,0.75,115,0.75,0.75,0.2
225,Anaconda,Nicki Minaj,hip-hop,confident,0.75,95,0.7,0.85,0.15
226,Mask Off,Future,trap,moody,0.78,140,0.55,0.8,0.08
227,Life Is Good,Future,hip-hop,confident,0.75,95,0.7,0.85,0.15
228,Say So,Doja Cat,pop,happy,0.75,115,0.75,0.75,0.2
229,Kiss Me More,Doja Cat,pop,romantic,0.75,115,0.75,0.75,0.2
230,Streets,Doja Cat,r&b,romantic,0.6,85,0.75,0.7,0.4
231,Need to Know,Doja Cat,pop,romantic,0.75,115,0.75,0.75,0.2
232,Drip Too Hard,Lil Baby,hip-hop,confident,0.75,95,0.7,0.85,0.15
233,EARFQUAKE,Tyler the Creator,r&b,romantic,0.6,85,0.75,0.7,0.4
234,See You Again,Tyler the Creator,r&b,melancholic,0.6,85,0.75,0.7,0.4
235,What's Poppin,Jack Harlow,hip-hop,confident,0.75,95,0.7,0.85,0.15
236,The Box,Roddy Ricch,hip-hop,confident,0.75,95,0.7,0.85,0.15
237,What You Know Bout Love,Pop Smoke,hip-hop,moody,0.75,95,0.7,0.85,0.15
238,Lucid Dreams,Juice WRLD,pop,melancholic,0.75,115,0.75,0.75,0.2
239,Legends,Juice WRLD,pop,melancholic,0.75,115,0.75,0.75,0.2
240,Bank Account,21 Savage,hip-hop,confident,0.75,95,0.7,0.85,0.15
241,Pop Out,Polo G,hip-hop,melancholic,0.75,95,0.7,0.85,0.15
242,Crazy in Love,Beyonce,r&b,confident,0.6,85,0.75,0.7,0.4
243,Halo,Beyonce,pop,romantic,0.75,115,0.75,0.75,0.2
244,CUFF IT,Beyonce,r&b,groovy,0.6,85,0.75,0.7,0.4
245,BREAK MY SOUL,Beyonce,edm,uplifting,0.92,138,0.85,0.92,0.05
246,Love On Top,Beyonce,r&b,happy,0.6,85,0.75,0.7,0.4
247,Drunk in Love,Beyonce,r&b,romantic,0.6,85,0.75,0.7,0.4
248,Umbrella,Rihanna,pop,confident,0.75,115,0.75,0.75,0.2
249,We Found Love,Rihanna,edm,euphoric,0.92,138,0.85,0.92,0.05
250,Diamonds,Rihanna,pop,hopeful,0.75,115,0.75,0.75,0.2
251,Stay,Rihanna,pop,melancholic,0.75,115,0.75,0.75,0.2
252,Thinking Bout You,Frank Ocean,r&b,romantic,0.6,85,0.75,0.7,0.4
253,Pink + White,Frank Ocean,r&b,peaceful,0.6,85,0.75,0.7,0.4
254,Nights,Frank Ocean,r&b,melancholic,0.6,85,0.75,0.7,0.4
255,Kill Bill,SZA,r&b,moody,0.6,85,0.75,0.7,0.4
256,Good Days,SZA,r&b,dreamy,0.6,85,0.75,0.7,0.4
257,Nobody Gets Me,SZA,r&b,melancholic,0.6,85,0.75,0.7,0.4
258,Snooze,SZA,r&b,dreamy,0.6,85,0.75,0.7,0.4
259,Shirt,SZA,r&b,confident,0.6,85,0.75,0.7,0.4
260,Best Part,H.E.R.,r&b,romantic,0.6,85,0.75,0.7,0.4
261,Focus,H.E.R.,r&b,confident,0.6,85,0.75,0.7,0.4
262,All of Me,John Legend,pop,romantic,0.75,115,0.75,0.75,0.2
263,Ordinary People,John Legend,r&b,romantic,0.6,85,0.75,0.7,0.4
264,Yeah!,Usher,r&b,happy,0.6,85,0.75,0.7,0.4
265,Confessions Part II,Usher,r&b,melancholic,0.6,85,0.75,0.7,0.4
266,No One,Alicia Keys,pop,hopeful,0.75,115,0.75,0.75,0.2
267,Fallin',Alicia Keys,r&b,romantic,0.6,85,0.75,0.7,0.4
268,Girl on Fire,Alicia Keys,pop,powerful,0.75,115,0.75,0.75,0.2
269,Rehab,Amy Winehouse,soul,melancholic,0.55,88,0.72,0.68,0.5
270,Back to Black,Amy Winehouse,soul,melancholic,0.55,88,0.72,0.68,0.5
271,Valerie,Amy Winehouse,soul,uplifting,0.55,88,0.72,0.68,0.5
272,Let's Get It On,Marvin Gaye,soul,romantic,0.55,88,0.72,0.68,0.5
273,What's Going On,Marvin Gaye,soul,melancholic,0.55,88,0.72,0.68,0.5
274,I Will Always Love You,Whitney Houston,pop,romantic,0.75,115,0.75,0.75,0.2
275,Greatest Love of All,Whitney Houston,pop,hopeful,0.75,115,0.75,0.75,0.2
276,Superstition,Stevie Wonder,soul,groovy,0.55,88,0.72,0.68,0.5
277,Isn't She Lovely,Stevie Wonder,soul,happy,0.55,88,0.72,0.68,0.5
278,Sir Duke,Stevie Wonder,soul,happy,0.55,88,0.72,0.68,0.5
279,Stairway to Heaven,Led Zeppelin,rock,powerful,0.85,140,0.5,0.6,0.1
280,Black Dog,Led Zeppelin,rock,energized,0.85,140,0.5,0.6,0.1
281,Whole Lotta Love,Led Zeppelin,rock,intense,0.85,140,0.5,0.6,0.1
282,Kashmir,Led Zeppelin,rock,powerful,0.85,140,0.5,0.6,0.1
283,Hey Jude,The Beatles,rock,uplifting,0.85,140,0.5,0.6,0.1
284,Let It Be,The Beatles,rock,peaceful,0.85,140,0.5,0.6,0.1
285,Come Together,The Beatles,rock,groovy,0.85,140,0.5,0.6,0.1
286,Yesterday,The Beatles,folk,melancholic,0.35,70,0.45,0.45,0.88
287,Here Comes the Sun,The Beatles,folk,hopeful,0.35,70,0.45,0.45,0.88
288,Blackbird,The Beatles,folk,hopeful,0.35,70,0.45,0.45,0.88
289,Thunderstruck,AC/DC,rock,energized,0.85,140,0.5,0.6,0.1
290,Back in Black,AC/DC,rock,intense,0.85,140,0.5,0.6,0.1
291,Highway to Hell,AC/DC,rock,energized,0.85,140,0.5,0.6,0.1
292,Everlong,Foo Fighters,rock,intense,0.85,140,0.5,0.6,0.1
293,Best of You,Foo Fighters,rock,powerful,0.85,140,0.5,0.6,0.1
294,Times Like These,Foo Fighters,rock,hopeful,0.85,140,0.5,0.6,0.1
295,Under the Bridge,Red Hot Chili Peppers,rock,melancholic,0.85,140,0.5,0.6,0.1
296,Californication,Red Hot Chili Peppers,rock,melancholic,0.85,140,0.5,0.6,0.1
297,Can't Stop,Red Hot Chili Peppers,rock,energized,0.85,140,0.5,0.6,0.1
298,Sweet Child O' Mine,Guns N' Roses,rock,happy,0.85,140,0.5,0.6,0.1
299,November Rain,Guns N' Roses,rock,melancholic,0.85,140,0.5,0.6,0.1
300,Welcome to the Jungle,Guns N' Roses,rock,intense,0.85,140,0.5,0.6,0.1
301,Yellow,Coldplay,rock,romantic,0.85,140,0.5,0.6,0.1
302,Fix You,Coldplay,rock,hopeful,0.85,140,0.5,0.6,0.1
303,The Scientist,Coldplay,rock,melancholic,0.85,140,0.5,0.6,0.1
304,Viva la Vida,Coldplay,rock,uplifting,0.85,140,0.5,0.6,0.1
305,A Sky Full of Stars,Coldplay,edm,euphoric,0.92,138,0.85,0.92,0.05
306,Do I Wanna Know?,Arctic Monkeys,rock,moody,0.85,140,0.5,0.6,0.1
307,R U Mine?,Arctic Monkeys,rock,intense,0.85,140,0.5,0.6,0.1
308,505,Arctic Monkeys,rock,melancholic,0.85,140,0.5,0.6,0.1
309,I Wanna Be Yours,Arctic Monkeys,indie pop,romantic,0.65,118,0.62,0.68,0.35
310,Wonderwall,Oasis,rock,hopeful,0.85,140,0.5,0.6,0.1
311,Champagne Supernova,Oasis,rock,nostalgic,0.85,140,0.5,0.6,0.1
312,Don't Look Back in Anger,Oasis,rock,hopeful,0.85,140,0.5,0.6,0.1
313,Basket Case,Green Day,punk,energized,0.9,160,0.4,0.65,0.05
314,Boulevard of Broken Dreams,Green Day,rock,melancholic,0.85,140,0.5,0.6,0.1
315,Stressed Out,Twenty One Pilots,pop,melancholic,0.75,115,0.75,0.75,0.2
316,Ride,Twenty One Pilots,pop,happy,0.75,115,0.75,0.75,0.2
317,Radioactive,Imagine Dragons,rock,powerful,0.85,140,0.5,0.6,0.1
318,Demons,Imagine Dragons,rock,melancholic,0.85,140,0.5,0.6,0.1
319,Believer,Imagine Dragons,rock,powerful,0.85,140,0.5,0.6,0.1
320,Enemy,Imagine Dragons,alternative,moody,0.7,120,0.45,0.58,0.3
321,In the End,Linkin Park,rock,melancholic,0.85,140,0.5,0.6,0.1
322,Numb,Linkin Park,rock,melancholic,0.85,140,0.5,0.6,0.1
323,Crawling,Linkin Park,rock,melancholic,0.85,140,0.5,0.6,0.1
324,Supermassive Black Hole,Muse,rock,intense,0.85,140,0.5,0.6,0.1
325,Seven Nation Army,The White Stripes,rock,intense,0.85,140,0.5,0.6,0.1
326,Last Nite,The Strokes,indie pop,confident,0.65,118,0.62,0.68,0.35
327,Reptilia,The Strokes,indie pop,energized,0.65,118,0.62,0.68,0.35
328,Somebody Told Me,The Killers,rock,energized,0.85,140,0.5,0.6,0.1
329,Use Somebody,Kings of Leon,rock,hopeful,0.85,140,0.5,0.6,0.1
330,Sex on Fire,Kings of Leon,rock,intense,0.85,140,0.5,0.6,0.1
331,Get Lucky,Daft Punk,edm,groovy,0.92,138,0.85,0.92,0.05
332,Around the World,Daft Punk,edm,euphoric,0.92,138,0.85,0.92,0.05
333,Harder Better Faster Stronger,Daft Punk,edm,energized,0.92,138,0.85,0.92,0.05
334,Summer,Calvin Harris,edm,happy,0.92,138,0.85,0.92,0.05
335,Feel So Close,Calvin Harris,edm,uplifting,0.92,138,0.85,0.92,0.05
336,This Is What You Came For,Calvin Harris,edm,euphoric,0.92,138,0.85,0.92,0.05
337,Titanium,David Guetta,edm,powerful,0.92,138,0.85,0.92,0.05
338,Without You,David Guetta,edm,melancholic,0.92,138,0.85,0.92,0.05
339,Alone,Marshmello,edm,melancholic,0.92,138,0.85,0.92,0.05
340,Happier,Marshmello,pop,hopeful,0.75,115,0.75,0.75,0.2
341,Wolves,Marshmello,pop,intense,0.75,115,0.75,0.75,0.2
342,Closer,The Chainsmokers,pop,nostalgic,0.75,115,0.75,0.75,0.2
343,Something Just Like This,The Chainsmokers,pop,hopeful,0.75,115,0.75,0.75,0.2
344,Don't Let Me Down,The Chainsmokers,edm,intense,0.92,138,0.85,0.92,0.05
345,Firestone,Kygo,edm,peaceful,0.92,138,0.85,0.92,0.05
346,Stole the Show,Kygo,edm,melancholic,0.92,138,0.85,0.92,0.05
347,Wake Me Up,Avicii,edm,uplifting,0.92,138,0.85,0.92,0.05
348,The Nights,Avicii,edm,hopeful,0.92,138,0.85,0.92,0.05
349,Levels,Avicii,edm,euphoric,0.92,138,0.85,0.92,0.05
350,Bangarang,Skrillex,edm,energized,0.92,138,0.85,0.92,0.05
351,Lean On,Major Lazer,edm,uplifting,0.92,138,0.85,0.92,0.05
352,Clarity,Zedd,edm,uplifting,0.92,138,0.85,0.92,0.05
353,Don't You Worry Child,Swedish House Mafia,edm,hopeful,0.92,138,0.85,0.92,0.05
354,Animals,Martin Garrix,edm,intense,0.92,138,0.85,0.92,0.05
355,Rather Be,Clean Bandit,pop,happy,0.75,115,0.75,0.75,0.2
356,Rockabye,Clean Bandit,pop,melancholic,0.75,115,0.75,0.75,0.2
357,Pompeii,Bastille,pop,hopeful,0.75,115,0.75,0.75,0.2
358,Last Night,Morgan Wallen,country,nostalgic,0.55,96,0.65,0.6,0.7
359,Sand in My Boots,Morgan Wallen,country,nostalgic,0.55,96,0.65,0.6,0.7
360,More Than My Hometown,Morgan Wallen,country,nostalgic,0.55,96,0.65,0.6,0.7
361,Wasted on You,Morgan Wallen,country,melancholic,0.55,96,0.65,0.6,0.7
362,When It Rains It Pours,Luke Combs,country,happy,0.55,96,0.65,0.6,0.7
363,Beautiful Crazy,Luke Combs,country,romantic,0.55,96,0.65,0.6,0.7
364,Forever After All,Luke Combs,country,romantic,0.55,96,0.65,0.6,0.7
365,Tennessee Whiskey,Chris Stapleton,country,romantic,0.55,96,0.65,0.6,0.7
366,Fire Away,Chris Stapleton,country,melancholic,0.55,96,0.65,0.6,0.7
367,Broken Halos,Chris Stapleton,country,melancholic,0.55,96,0.65,0.6,0.7
368,Die a Happy Man,Thomas Rhett,country,romantic,0.55,96,0.65,0.6,0.7
369,T-Shirt,Thomas Rhett,country,happy,0.55,96,0.65,0.6,0.7
370,Heaven,Kane Brown,country,hopeful,0.55,96,0.65,0.6,0.7
371,Homesick,Kane Brown,country,nostalgic,0.55,96,0.65,0.6,0.7
372,Rainbow,Kacey Musgraves,country,hopeful,0.55,96,0.65,0.6,0.7
373,Slow Burn,Kacey Musgraves,country,peaceful,0.55,96,0.65,0.6,0.7
374,Butterflies,Kacey Musgraves,country,happy,0.55,96,0.65,0.6,0.7
375,Something in the Orange,Zach Bryan,country,melancholic,0.55,96,0.65,0.6,0.7
376,I Remember Everything,Zach Bryan,country,nostalgic,0.55,96,0.65,0.6,0.7
377,Heading South,Zach Bryan,folk,nostalgic,0.35,70,0.45,0.45,0.88
378,Heart Like a Truck,Lainey Wilson,country,uplifting,0.55,96,0.65,0.6,0.7
379,Watermelon Moonshine,Lainey Wilson,country,nostalgic,0.55,96,0.65,0.6,0.7
380,Whitehouse Road,Tyler Childers,country,nostalgic,0.55,96,0.65,0.6,0.7
381,Then,Brad Paisley,country,romantic,0.55,96,0.65,0.6,0.7
382,Jolene,Dolly Parton,country,melancholic,0.55,96,0.65,0.6,0.7
383,Ring of Fire,Johnny Cash,country,happy,0.55,96,0.65,0.6,0.7
384,Folsom Prison Blues,Johnny Cash,country,melancholic,0.55,96,0.65,0.6,0.7
385,So What,Miles Davis,jazz,chill,0.4,95,0.65,0.55,0.85
386,Kind of Blue,Miles Davis,jazz,chill,0.4,95,0.65,0.55,0.85
387,My Favorite Things,John Coltrane,jazz,focused,0.4,95,0.65,0.55,0.85
388,A Love Supreme,John Coltrane,jazz,peaceful,0.4,95,0.65,0.55,0.85
389,Watermelon Man,Herbie Hancock,jazz,groovy,0.4,95,0.65,0.55,0.85
390,Cantaloupe Island,Herbie Hancock,jazz,groovy,0.4,95,0.65,0.55,0.85
391,Don't Know Why,Norah Jones,jazz,melancholic,0.4,95,0.65,0.55,0.85
392,Come Away with Me,Norah Jones,jazz,peaceful,0.4,95,0.65,0.55,0.85
393,Feeling Good,Nina Simone,jazz,uplifting,0.4,95,0.65,0.55,0.85
394,I Put a Spell on You,Nina Simone,jazz,moody,0.4,95,0.65,0.55,0.85
395,What a Wonderful World,Louis Armstrong,jazz,happy,0.4,95,0.65,0.55,0.85
396,Summertime,Ella Fitzgerald,jazz,melancholic,0.4,95,0.65,0.55,0.85
397,Fly Me to the Moon,Frank Sinatra,jazz,romantic,0.4,95,0.65,0.55,0.85
398,The Way You Look Tonight,Frank Sinatra,jazz,romantic,0.4,95,0.65,0.55,0.85
399,A Change Is Gonna Come,Sam Cooke,soul,hopeful,0.55,88,0.72,0.68,0.5
400,(Sittin' On) The Dock of the Bay,Otis Redding,soul,melancholic,0.55,88,0.72,0.68,0.5
401,Stand by Me,Ben E. King,soul,hopeful,0.55,88,0.72,0.68,0.5
402,Dynamite,BTS,k-pop,happy,0.8,128,0.82,0.8,0.12
403,Butter,BTS,k-pop,groovy,0.8,128,0.82,0.8,0.12
404,Boy With Luv,BTS,k-pop,happy,0.8,128,0.82,0.8,0.12
405,How You Like That,BLACKPINK,k-pop,confident,0.8,128,0.82,0.8,0.12
406,Pink Venom,BLACKPINK,k-pop,confident,0.8,128,0.82,0.8,0.12
407,Lovesick Girls,BLACKPINK,k-pop,melancholic,0.8,128,0.82,0.8,0.12
408,Hype Boy,NewJeans,k-pop,euphoric,0.8,128,0.82,0.8,0.12
409,OMG,NewJeans,k-pop,happy,0.8,128,0.82,0.8,0.12
410,Attention,NewJeans,k-pop,chill,0.8,128,0.82,0.8,0.12
411,Fancy,TWICE,k-pop,confident,0.8,128,0.82,0.8,0.12
412,Feel Special,TWICE,k-pop,uplifting,0.8,128,0.82,0.8,0.12
413,Tití Me Preguntó,Bad Bunny,latin,happy,0.72,105,0.8,0.85,0.3
414,Efecto,Bad Bunny,latin,romantic,0.72,105,0.8,0.85,0.3
415,Me Porto Bonito,Bad Bunny,latin,happy,0.72,105,0.8,0.85,0.3
416,Dakiti,Bad Bunny,latin,confident,0.72,105,0.8,0.85,0.3
417,Hips Don't Lie,Shakira,latin,happy,0.72,105,0.8,0.85,0.3
418,Waka Waka,Shakira,pop,uplifting,0.75,115,0.75,0.75,0.2
419,Mi Gente,J Balvin,latin,happy,0.72,105,0.8,0.85,0.3
420,TUSA,KAROL G,latin,confident,0.72,105,0.8,0.85,0.3
421,Bichota,KAROL G,latin,confident,0.72,105,0.8,0.85,0.3
422,The Less I Know the Better,Tame Impala,indie pop,dreamy,0.65,118,0.62,0.68,0.35
423,Borderline,Tame Impala,indie pop,dreamy,0.65,118,0.62,0.68,0.35
424,Eventually,Tame Impala,indie pop,melancholic,0.65,118,0.62,0.68,0.35
425,Chamber of Reflection,Mac DeMarco,indie pop,melancholic,0.65,118,0.62,0.68,0.35
426,Ode to Viceroy,Mac DeMarco,indie pop,chill,0.65,118,0.62,0.68,0.35
427,Loving is Easy,Rex Orange County,indie pop,happy,0.65,118,0.62,0.68,0.35
428,Sunflower,Rex Orange County,indie pop,happy,0.65,118,0.62,0.68,0.35
429,Coffee,beabadoobee,indie pop,chill,0.65,118,0.62,0.68,0.35
430,Death Bed,Powfu,lofi,melancholic,0.4,78,0.58,0.6,0.75
431,Pretty Girl,Clairo,indie pop,chill,0.65,118,0.62,0.68,0.35
432,Sofia,Clairo,indie pop,melancholic,0.65,118,0.62,0.68,0.35
433,Supalonely,BENEE,indie pop,moody,0.65,118,0.62,0.68,0.35
434,Motion Sickness,Phoebe Bridgers,indie pop,melancholic,0.65,118,0.62,0.68,0.35
435,Garden Song,Phoebe Bridgers,folk,peaceful,0.35,70,0.45,0.45,0.88
436,Skinny Love,Bon Iver,folk,melancholic,0.35,70,0.45,0.45,0.88
437,Holocene,Bon Iver,folk,peaceful,0.35,70,0.45,0.45,0.88
438,White Winter Hymnal,Fleet Foxes,folk,peaceful,0.35,70,0.45,0.45,0.88
439,Helplessness Blues,Fleet Foxes,folk,melancholic,0.35,70,0.45,0.45,0.88
440,Bloodbuzz Ohio,The National,indie pop,melancholic,0.65,118,0.62,0.68,0.35
441,Slow Show,The National,indie pop,melancholic,0.65,118,0.62,0.68,0.35
442,Electric Feel,MGMT,indie pop,euphoric,0.65,118,0.62,0.68,0.35
443,Time to Pretend,MGMT,indie pop,dreamy,0.65,118,0.62,0.68,0.35
444,Little Talks,Of Monsters and Men,indie pop,uplifting,0.65,118,0.62,0.68,0.35
445,King of Anything,Sara Bareilles,pop,confident,0.75,115,0.75,0.75,0.2
446,Feather,Nujabes,lofi,chill,0.4,78,0.58,0.6,0.75
447,Aruarian Dance,Nujabes,lofi,chill,0.4,78,0.58,0.6,0.75
448,Luv(sic) Part 3,Nujabes,lofi,chill,0.4,78,0.58,0.6,0.75
449,Slow Dancing in the Dark,Joji,r&b,melancholic,0.6,85,0.75,0.7,0.4
450,Glimpse of Us,Joji,pop,melancholic,0.75,115,0.75,0.75,0.2
451,Run,Joji,pop,melancholic,0.75,115,0.75,0.75,0.2
452,Goodie Bag,Still Woozy,indie pop,dreamy,0.65,118,0.62,0.68,0.35
453,Can I Call You Tonight?,Dayglow,indie pop,dreamy,0.65,118,0.62,0.68,0.35
454,Retrograde,James Blake,ambient,melancholic,0.3,65,0.6,0.4,0.9
455,Limit to Your Love,James Blake,ambient,melancholic,0.3,65,0.6,0.4,0.9
456,Never Catch Me,Flying Lotus,lofi,dreamy,0.4,78,0.58,0.6,0.75
457,On & On,Erykah Badu,r&b,chill,0.6,85,0.75,0.7,0.4
458,Appletree,Erykah Badu,r&b,chill,0.6,85,0.75,0.7,0.4
459,Otherside,Red Hot Chili Peppers,rock,melancholic,0.85,140,0.5,0.6,0.1
460,Without Me,Eminem,hip-hop,confident,0.75,95,0.7,0.85,0.15
461,The Real Slim Shady,Eminem,hip-hop,confident,0.75,95,0.7,0.85,0.15
462,Still D.R.E.,Dr. Dre,hip-hop,confident,0.75,95,0.7,0.85,0.15
463,Nuthin' But a G Thang,Dr. Dre,hip-hop,groovy,0.75,95,0.7,0.85,0.15
464,California Love,2Pac,hip-hop,confident,0.75,95,0.7,0.85,0.15
465,Changes,2Pac,hip-hop,melancholic,0.75,95,0.7,0.85,0.15
466,Juicy,The Notorious B.I.G.,hip-hop,confident,0.75,95,0.7,0.85,0.15
467,Hypnotize,The Notorious B.I.G.,hip-hop,confident,0.75,95,0.7,0.85,0.15
468,99 Problems,Jay-Z,hip-hop,intense,0.75,95,0.7,0.85,0.15
469,Empire State of Mind,Jay-Z,pop,uplifting,0.75,115,0.75,0.75,0.2
470,Gold Digger,Kanye West,hip-hop,confident,0.75,95,0.7,0.85,0.15
471,Stronger,Kanye West,hip-hop,confident,0.75,95,0.7,0.85,0.15
472,Runaway,Kanye West,hip-hop,melancholic,0.75,95,0.7,0.85,0.15
473,Purple Rain,Prince,r&b,powerful,0.6,85,0.75,0.7,0.4
474,When Doves Cry,Prince,pop,melancholic,0.75,115,0.75,0.75,0.2
475,Raspberry Beret,Prince,pop,happy,0.75,115,0.75,0.75,0.2
476,Heroes,David Bowie,rock,uplifting,0.85,140,0.5,0.6,0.1
477,Space Oddity,David Bowie,rock,dreamy,0.85,140,0.5,0.6,0.1
478,Life on Mars?,David Bowie,rock,dreamy,0.85,140,0.5,0.6,0.1
479,Roxanne,The Police,rock,moody,0.85,140,0.5,0.6,0.1
480,Every Breath You Take,The Police,rock,melancholic,0.85,140,0.5,0.6,0.1
481,Don't Stop Believin',Journey,rock,hopeful,0.85,140,0.5,0.6,0.1
482,Sweet Home Alabama,Lynyrd Skynyrd,rock,happy,0.85,140,0.5,0.6,0.1
483,Hotel California,Eagles,rock,moody,0.85,140,0.5,0.6,0.1
484,Take It Easy,Eagles,rock,peaceful,0.85,140,0.5,0.6,0.1
485,Go Your Own Way,Fleetwood Mac,rock,intense,0.85,140,0.5,0.6,0.1
486,The Chain,Fleetwood Mac,rock,intense,0.85,140,0.5,0.6,0.1
487,Eye of the Tiger,Survivor,rock,energized,0.85,140,0.5,0.6,0.1
488,Don't Stop Me Now,Queen,rock,euphoric,0.85,140,0.5,0.6,0.1
489,We Will Rock You,Queen,rock,energized,0.85,140,0.5,0.6,0.1
490,Somebody to Love,Queen,rock,hopeful,0.85,140,0.5,0.6,0.1
491,Under Pressure,Queen,rock,intense,0.85,140,0.5,0.6,0.1
